[
  {
    "id": "bc433b2c-6310-41e3-bf8d-25a7a311db4c",
    "data": [
      {
        "text": "game over",
        "userDefined": false
      }
    ],
    "isTemplate": false,
    "count": 0,
    "updated": 0
  },
  {
    "id": "bc84f600-5cd9-4096-9e53-ad5e81d0d070",
    "data": [
      {
        "text": "stop music",
        "userDefined": false
      }
    ],
    "isTemplate": false,
    "count": 0,
    "updated": 0
  },
  {
    "id": "35ec4f2f-4249-4401-9834-8a5adb20c0d2",
    "data": [
      {
        "text": "finish",
        "userDefined": false
      }
    ],
    "isTemplate": false,
    "count": 0,
    "updated": 0
  }
]