[
  {
    "id": "db77a967-753c-42d7-a573-4e15507a71b0",
    "data": [
      {
        "text": "three",
        "alias": "gamers",
        "meta": "@sys.number",
        "userDefined": false
      },
      {
        "text": " players",
        "userDefined": false
      }
    ],
    "isTemplate": false,
    "count": 0,
    "updated": 0
  },
  {
    "id": "cc7df0b3-84cd-48a0-83dd-b324d6c2ff42",
    "data": [
      {
        "text": "there are ",
        "userDefined": false
      },
      {
        "text": "three",
        "alias": "gamers",
        "meta": "@sys.number",
        "userDefined": false
      },
      {
        "text": " gamers",
        "userDefined": false
      }
    ],
    "isTemplate": false,
    "count": 0,
    "updated": 0
  },
  {
    "id": "eac48825-eeff-4a5b-afb6-2b2b5dc7c27d",
    "data": [
      {
        "text": "three",
        "alias": "gamers",
        "meta": "@sys.number",
        "userDefined": false
      }
    ],
    "isTemplate": false,
    "count": 0,
    "updated": 0
  }
]