[
  {
    "id": "3c914113-e597-4dab-b8f3-811974727ea9",
    "data": [
      {
        "text": "I have ",
        "userDefined": false
      },
      {
        "text": "black",
        "alias": "color",
        "meta": "@sys.color",
        "userDefined": false
      },
      {
        "text": " chips",
        "userDefined": false
      }
    ],
    "isTemplate": false,
    "count": 0,
    "updated": 0
  },
  {
    "id": "249e3b63-b523-4308-8da0-ec24a3e8d254",
    "data": [
      {
        "text": "yellow",
        "alias": "color",
        "meta": "@sys.color",
        "userDefined": false
      },
      {
        "text": " color",
        "userDefined": false
      }
    ],
    "isTemplate": false,
    "count": 0,
    "updated": 0
  },
  {
    "id": "2002a739-c709-4ef5-9d64-408572b5acde",
    "data": [
      {
        "text": "I am ",
        "userDefined": false
      },
      {
        "text": "red",
        "alias": "color",
        "meta": "@sys.color",
        "userDefined": false
      }
    ],
    "isTemplate": false,
    "count": 0,
    "updated": 0
  },
  {
    "id": "40426e6f-f580-48ac-885d-009abf53a2c1",
    "data": [
      {
        "text": "blue",
        "alias": "color",
        "meta": "@sys.color",
        "userDefined": false
      }
    ],
    "isTemplate": false,
    "count": 0,
    "updated": 0
  }
]