[
  {
    "id": "2af6be71-fe08-4ccc-8239-6ff5fa15b62c",
    "data": [
      {
        "text": "how to use",
        "userDefined": false
      }
    ],
    "isTemplate": false,
    "count": 0,
    "updated": 0
  },
  {
    "id": "7e626dad-2cfa-4127-8af0-97fb16dd2636",
    "data": [
      {
        "text": "what can you do",
        "userDefined": false
      }
    ],
    "isTemplate": false,
    "count": 0,
    "updated": 0
  },
  {
    "id": "b8be60bc-86bd-40c5-aa65-3d650a230b87",
    "data": [
      {
        "text": "manual",
        "userDefined": false
      }
    ],
    "isTemplate": false,
    "count": 0,
    "updated": 0
  },
  {
    "id": "8f8030b0-bff8-4e96-bba0-a5c5ecfed3df",
    "data": [
      {
        "text": "how to play",
        "userDefined": false
      }
    ],
    "isTemplate": false,
    "count": 0,
    "updated": 0
  },
  {
    "id": "cab10a35-a885-46fc-9e78-454b66962f97",
    "data": [
      {
        "text": "help",
        "userDefined": false
      }
    ],
    "isTemplate": false,
    "count": 0,
    "updated": 0
  }
]