[
  {
    "id": "431fa72e-cb02-4be5-a819-ba8db47b966a",
    "data": [
      {
        "text": "go next",
        "userDefined": false
      }
    ],
    "isTemplate": false,
    "count": 0,
    "updated": 0
  },
  {
    "id": "6bb45ab9-a757-45be-902d-cbc97f728a3b",
    "data": [
      {
        "text": "done",
        "userDefined": false
      }
    ],
    "isTemplate": false,
    "count": 0,
    "updated": 0
  },
  {
    "id": "e6505fb6-6077-4c8f-be4f-36c62ce43260",
    "data": [
      {
        "text": "ready",
        "userDefined": false
      }
    ],
    "isTemplate": false,
    "count": 0,
    "updated": 0
  },
  {
    "id": "f8243650-009b-43ad-8fb8-d2e2c0cdbe1c",
    "data": [
      {
        "text": "pass the turn",
        "userDefined": false
      }
    ],
    "isTemplate": false,
    "count": 0,
    "updated": 0
  },
  {
    "id": "69440491-75f5-46eb-9c7a-317ff50c5959",
    "data": [
      {
        "text": "next",
        "userDefined": false
      }
    ],
    "isTemplate": false,
    "count": 0,
    "updated": 0
  }
]