[
  {
    "id": "e7af10a6-37d3-41fd-8c05-d3ba8e88e4c6",
    "data": [
      {
        "text": "break",
        "userDefined": false
      }
    ],
    "isTemplate": false,
    "count": 0,
    "updated": 0
  },
  {
    "id": "3f40b0d6-02a8-488a-a85b-1d403f60e42c",
    "data": [
      {
        "text": "stop",
        "userDefined": false
      }
    ],
    "isTemplate": false,
    "count": 0,
    "updated": 0
  },
  {
    "id": "3a8fed95-50e8-4d8a-a648-c016d93d0073",
    "data": [
      {
        "text": "pause",
        "userDefined": false
      }
    ],
    "isTemplate": false,
    "count": 0,
    "updated": 0
  }
]