[
  {
    "id": "e575368b-5bf0-4775-98b5-b7ba7b3e0b45",
    "data": [
      {
        "text": "continue",
        "userDefined": false
      }
    ],
    "isTemplate": false,
    "count": 0,
    "updated": 0
  },
  {
    "id": "7e766bca-c18a-4078-bb12-b5cf98696342",
    "data": [
      {
        "text": "play",
        "userDefined": false
      }
    ],
    "isTemplate": false,
    "count": 0,
    "updated": 0
  },
  {
    "id": "b131283f-f84a-487c-8e52-1940dd0ac540",
    "data": [
      {
        "text": "resume",
        "userDefined": false
      }
    ],
    "isTemplate": false,
    "count": 0,
    "updated": 0
  }
]