[
  {
    "id": "c7585b73-d181-4275-8bf9-30c0f8f60a2c",
    "data": [
      {
        "text": "start new game for ",
        "userDefined": false
      },
      {
        "text": "three",
        "alias": "gamers",
        "meta": "@sys.number",
        "userDefined": false
      },
      {
        "text": " gamers",
        "userDefined": false
      }
    ],
    "isTemplate": false,
    "count": 0,
    "updated": 0
  },
  {
    "id": "70871c63-0709-415d-8981-2b7b4defb267",
    "data": [
      {
        "text": "start new round",
        "userDefined": false
      }
    ],
    "isTemplate": false,
    "count": 0,
    "updated": 0
  },
  {
    "id": "cc74cf93-30d0-43e5-8bb3-9c6fb087df16",
    "data": [
      {
        "text": "start a game",
        "userDefined": false
      }
    ],
    "isTemplate": false,
    "count": 0,
    "updated": 0
  },
  {
    "id": "e0d4e479-0903-4a4e-a4f5-007eceabbd5b",
    "data": [
      {
        "text": "start new game",
        "userDefined": false
      }
    ],
    "isTemplate": false,
    "count": 0,
    "updated": 0
  }
]