[
  {
    "id": "cc100fac-4c0d-4c5c-8d9f-c11f22d9425c",
    "data": [
      {
        "text": "aha",
        "userDefined": false
      }
    ],
    "isTemplate": false,
    "count": 0,
    "updated": 0
  },
  {
    "id": "31ca366f-094e-422d-b610-b3c61b385c26",
    "data": [
      {
        "text": "yep",
        "userDefined": false
      }
    ],
    "isTemplate": false,
    "count": 0,
    "updated": 0
  },
  {
    "id": "e58d2649-b28b-495b-8562-cd31cc8fa589",
    "data": [
      {
        "text": "yes",
        "userDefined": false
      }
    ],
    "isTemplate": false,
    "count": 0,
    "updated": 0
  }
]