[
  {
    "id": "5d4611f4-e000-4311-8774-72d818278cb8",
    "data": [
      {
        "text": "I\u0027m ",
        "userDefined": false
      },
      {
        "text": "john",
        "meta": "@sys.given-name",
        "alias": "name",
        "userDefined": false
      }
    ],
    "isTemplate": false,
    "count": 0,
    "lang": "en",
    "updated": 0
  },
  {
    "id": "aa0d5961-b216-4072-b135-e2e382fc8866",
    "data": [
      {
        "text": "John",
        "meta": "@sys.given-name",
        "alias": "name",
        "userDefined": false
      }
    ],
    "isTemplate": false,
    "count": 0,
    "lang": "en",
    "updated": 0
  },
  {
    "id": "df3adcec-93a6-4875-92d6-61bdd0ff39d5",
    "data": [
      {
        "text": "call me ",
        "userDefined": false
      },
      {
        "text": "John",
        "meta": "@sys.given-name",
        "alias": "name",
        "userDefined": false
      }
    ],
    "isTemplate": false,
    "count": 0,
    "lang": "en",
    "updated": 0
  },
  {
    "id": "d0d57c82-dd87-4fd7-839d-47a9b9aa2ba8",
    "data": [
      {
        "text": "my name is ",
        "userDefined": false
      },
      {
        "text": "John",
        "meta": "@sys.given-name",
        "alias": "name",
        "userDefined": false
      }
    ],
    "isTemplate": false,
    "count": 0,
    "lang": "en",
    "updated": 0
  }
]