[
  {
    "id": "35978a00-03b9-4df6-a580-b3b3c5d1dd7e",
    "data": [
      {
        "text": "wake up ",
        "userDefined": false
      },
      {
        "text": "at 4 pm",
        "meta": "@sys.date-time",
        "alias": "date-time",
        "userDefined": false
      }
    ],
    "isTemplate": false,
    "count": 0,
    "lang": "en",
    "updated": 0
  },
  {
    "id": "8241e613-be5d-44f2-bc5a-4cd7bd74f991",
    "data": [
      {
        "text": "wake up ",
        "userDefined": false
      },
      {
        "text": "tomorrow at 7 am",
        "meta": "@sys.date-time",
        "alias": "date-time",
        "userDefined": false
      }
    ],
    "isTemplate": false,
    "count": 0,
    "lang": "en",
    "updated": 0
  },
  {
    "id": "c4c52749-d55e-4d9b-8485-a20c19154552",
    "data": [
      {
        "text": "wake up",
        "userDefined": false
      }
    ],
    "isTemplate": false,
    "count": 0,
    "lang": "en",
    "updated": 0
  },
  {
    "id": "b7cb927c-6852-4d65-8b65-0c8b79ed87dd",
    "data": [
      {
        "text": "wake me up",
        "userDefined": false
      }
    ],
    "isTemplate": false,
    "count": 0,
    "lang": "en",
    "updated": 0
  }
]